"1";"381994";"GET /index.php/acerca.php HTTP/1.1"
"2";"176374";"GET /index.php/acerca.php HTTP/1.0"
"3";"83216";"OPTIONS * HTTP/1.0"
"4";"33293";"GET / HTTP/1.0"
"5";"28239";"GET / HTTP/1.1"
"6";"21466";"GET /~mcast/ESDATOS/POO/herencia.pdf HTTP/1.1"
"7";"17036";"GET /index.php/Usuario:ThelmaChambliss HTTP/1.0"
"8";"16693";"GET /~mvaldenegro/blog/index.php?/feeds/index.rss2 HTTP/1.0"
"9";"16154";"GET /robots.txt HTTP/1.1"
"10";"15008";"GET /index.php/estudiantes.php HTTP/1.1"
"11";"14916";"GET /~mcast/PROGRAMACION/20101/recursividad/FP.RP04.pdf HTTP/1.1"
"12";"12831";"GET /index.php/Usuario:BenitoFiore HTTP/1.0"
"13";"11963";"GET /favicon.ico HTTP/1.1"
"14";"9894";"GET /index.php/Usuario:NoeliaJude HTTP/1.1"
"15";"8934";"GET /acerca.php HTTP/1.1"
"16";"8233";"GET /index.php/IOS_7_Jailbreak_Unveiled_-_Right_here_is_iOS_7_jailbreak_Guidebook?%boundary%%0D%0AContent-Disposition:+form-data;+name=%22wpSection%22%0D%0A%0D%0A%0D%0A%boundary%%0D%0AContent-Disposition:+form-data;+name=%22wpStarttime%22%0D%0A%0D%0A20140"
"17";"6583";"GET /index.html?%25boundary%25%250D%250AContent-Disposition:+form-data%3b+name=%2522wpSection%2522%250D%250A%250D%250A%250D%250A%25boundary%25%250D%250AContent-Disposition:+form-data%3b+name=%2522wpStarttime%2522%250D%250A%250D%250A20140126094233%250D%250"
"18";"6503";"GET /index.php/Usuario:Junko4220x HTTP/1.0"
"19";"6402";"GET /index.php/estudiantes.php HTTP/1.0"
"20";"5772";"GET /~mcast/sw/apuntes/apuntes.pdf HTTP/1.1"
"21";"5130";"GET /~mcast/CCOMPUTACION/Introduccion/estructuraordenador.pdf HTTP/1.1"
"22";"4875";"GET /comun/js/mootools.js HTTP/1.1"
"23";"4873";"GET /index.php/Usuario:ArdisYcfpbifbin HTTP/1.1"
"24";"4865";"GET /comun/js/mootools-more.js HTTP/1.1"
"25";"4823";"GET /comun/imagen.php?sec=correo;usuario=contacto;servidor=informatica.utem;dominio=cl HTTP/1.1"
"26";"4779";"GET /comun/css/informatica.css HTTP/1.1"
"27";"4756";"GET /comun/css/validate.css HTTP/1.1"
"28";"4731";"GET /comun/css/impresion.css HTTP/1.1"
"29";"4677";"GET /comun/img/bg.jpg HTTP/1.1"
"30";"4661";"GET /comun/img/header5.jpg HTTP/1.1"
"31";"4584";"GET /comun/img/nav.gif HTTP/1.1"
"32";"4580";"GET /comun/img/bgmain.gif HTTP/1.1"
"33";"4439";"GET /index.php/Usuario:MauraWellish HTTP/1.1"
"34";"4385";"GET /index.php/Usuario:VioletStainfort HTTP/1.1"
"35";"4384";"GET /comun/img/bgfooter.gif HTTP/1.1"
"36";"4359";"GET /index.php/Usuario:BebeHillard HTTP/1.0"
"37";"4315";"GET /index.php/Usuario:KeiraHayward HTTP/1.0"
"38";"4242";"GET /index.php/Usuario:JanaLermaev HTTP/1.0"
"39";"3899";"GET /comun/img/favicon2.png HTTP/1.1"
"40";"3545";"GET /administrator/index.php HTTP/1.0"
"41";"3527";"GET /index.php/Usuario:Eli54Ifcyi HTTP/1.1"
"42";"3390";"GET /laboral.php HTTP/1.1"
"43";"3375";"GET /index.php/Usuario:LeoraAskdrtua HTTP/1.1"
"44";"3198";"GET /index.php/Usuario:AntonOPFwnckfx HTTP/1.1"
"45";"3174";"GET /acerca.php HTTP/1.0"
"46";"2904";"GET /robots.txt HTTP/1.0"
"47";"2633";"GET /index.php/Usuario:ColleenTiemann HTTP/1.1"
"48";"2504";"GET /index.php/Usuario:GretchenGough HTTP/1.1"
"49";"2500";"GET /index.php/Usuario:DianaEastman HTTP/1.0"
"50";"2455";"GET /index.php/Usuario:KirkBrownrigg HTTP/1.1"
"51";"2401";"GET /index.php/Usuario:JeffereyRMS HTTP/1.1"
"52";"2390";"GET /index.php/Usuario:Angela9270 HTTP/1.1"
"53";"2318";"GET /index.php/Usuario:KatriceRech HTTP/1.1"
"54";"2314";"GET /index.php/Usuario:ClairePerez HTTP/1.1"
"55";"2308";"GET /index.php/Usuario:RIYMadiexxlwyud HTTP/1.1"
"56";"2287";"GET /index.php/Usuario:LettieLamaro HTTP/1.1"
"57";"2282";"GET /index.php/Usuario:LettieLamaro HTTP/1.0"
"58";"2280";"GET /index.php/Usuario:CarissaGuest HTTP/1.1"
"59";"2254";"GET /index.php/Usuario:PaigeNLGXgo HTTP/1.1"
"60";"2236";"GET /index.php/Usuario:LYILavonne HTTP/1.1"
"61";"2166";"GET /index.php/Usuario:CeciliaDNR HTTP/1.1"
"62";"2152";"GET /index.php/Usuario:JonathonLuo HTTP/1.1"
"63";"2130";"GET /index.php/Usuario:FinnMercado HTTP/1.1"
"64";"2120";"GET /index.php/Usuario:KamT80iqfxtaip HTTP/1.0"
"65";"2118";"GET /index.php/Usuario:Veronique44W HTTP/1.1"
"66";"2109";"GET /index.php/Usuario:AdaK99ahdrbmlxz HTTP/1.1"
"67";"2100";"GET /~mcast/ESDATOS/TADS/Ttema2.pdf HTTP/1.1"
"68";"2094";"GET /index.php/Usuario:EmmaHollar HTTP/1.1"
"69";"2080";"GET /index.php/Usuario:MaribelRittenho HTTP/1.0"
"70";"2072";"GET /index.php/Usuario:RodneyRuiz HTTP/1.1"
"71";"2069";"GET /estudiantes.php HTTP/1.1"
"72";"2056";"GET /index.php/Usuario:HeidiYagan HTTP/1.1"
"73";"2044";"GET /index.php/Usuario:CharlieLarocque HTTP/1.1"
"74";"2038";"GET /index.php/Usuario:ClariceHarlow HTTP/1.1"
"75";"2028";"GET /index.php HTTP/1.1"
"76";"2007";"GET /index.php/Usuario:RandyAtchley HTTP/1.1"
"77";"1965";"GET /index.php/Usuario:Alycia5750 HTTP/1.1"
"78";"1933";"GET /index.php/Usuario:IonaNrpdeoymmbl HTTP/1.1"
"79";"1917";"GET /index.php/Usuario:MarcelinoSavoy HTTP/1.1"
"80";"1915";"GET /index.php?title=Especial:Entrar&action=submitlogin&type=signup&returnto=Are+You+Looking+To+Know+More+About+Home+Security+Systems+These+Pointers+Will+Assist&returntoquery=action=submitlogin&type=signup HTTP/1.1"
"81";"1891";"GET /index.php/Usuario:AmosLeighm HTTP/1.1"
"82";"1886";"GET /index.php/How_To_Accelerate_Your_Computer_-_Ultimate_Guide HTTP/1.1"
"83";"1882";"GET /index.php/Usuario:KendrickPrins HTTP/1.1"
"84";"1860";"GET /index.php/Usuario:Forrest9086 HTTP/1.1"
"85";"1857";"GET /index.php/Usuario:CarmaMiele HTTP/1.1"
"86";"1847";"GET /index.php/Usuario:JeanneAnnunziat HTTP/1.1"
"87";"1818";"GET /index.php/Considering_Painless_Systems_In_industrial_heating HTTP/1.1"
"88";"1801";"GET /index.php/Usuario:ChauDarrington HTTP/1.1"
"89";"1774";"GET /index.php/Usuario:BertieSalyer HTTP/1.1"
"90";"1707";"GET /index.php/Heartland_Voters_Really_feel_Icy_Out_Through_Debt_Question HTTP/1.1"
"91";"1703";"GET /docentes.php HTTP/1.1"
"92";"1675";"GET /index.php/Usuario:VioletStainfort HTTP/1.0"
"93";"1669";"GET /index.php/Usuario:SharonRHQW HTTP/1.1"
"94";"1646";"GET /index.php/Usuario:BereniceGibbons HTTP/1.0"
"95";"1629";"GET /index.php/Usuario:ChassidyKalb HTTP/1.1"
"96";"1596";"GET /index.php/Usuario:JacobHurtsgs HTTP/1.1"
"97";"1564";"GET /index.php/Usuario:ScottyFreed HTTP/1.0"
"98";"1558";"GET /~mcast/CCOMPUTACION/Introduccion/perifericos.pdf HTTP/1.1"
"99";"1546";"GET /index.php/Usuario:RobJUICvwsnf HTTP/1.1"
"100";"1544";"GET /index.php/Why_Are_My_Feet_Always_Cold HTTP/1.1"
